Index,Name_ExperimentDate_Plate,ROI
0,ba1 WT/Het 0.1% DMSO_20211019_plate0,"[  0   1   3   4   5   6   8   9  12  13  15  17  18  19 101 102 104 105
 106 107 108 109 111 112 113 114 115 116 117 118 119 201 203 204 205 207
 208 209 210 211 212 213 214 215 216 219]"
1,ba1 WT/Het 1uM Mela_20211019_plate0,"[ 21  23  24  26  28  29  30  32  33  34  36  37  40  43  44  45  48  49
  50  52  55  56  57  58  59  61  64  66  67  69  70  71  72  73  75  77
  78  79  80  81  82  84  85  86  87  88  89  90  91  92  94  95  96  97
  98  99 120 121 122 123 124 126 127 128 129 130 132 133 134 135 136 137
 138 139 141 142 143 144 146 147 148 149 153 154 155 156 157 158 159 162
 163 164 165 166 167 168 169 170 171 172 173 174 175 176 177 178 179 180
 181 182 183 184 185 186 187 188 189 190 191 192 193 194 195 196 197 198
 199 220 221 222 224 225 226 228 229 230 231 232 233 234 236 237 240 241
 242 243 244 245 246 247 248 249 250 251 252 253 254 255 256 257 258 259
 260 261 262 263 264 265 266 267 268 269 270 271 272 273 274 275 276 277
 278 279 280 281 282 284 285 286 287 288 289 290 291 292 293 294 295 298]"
2,ba1 Mutant DMSO_20211019_plate0,[  2  10  11  14 100 103 200 202 206]
3,ba1 Mutant 1uM Mela_20211019_plate0,"[ 20  22  25  27  31  35  38  39  41  42  46  47  51  53  54  60  62  63
  65  68  74  76  83  93 125 131 140 150 151 161 223 227 296 297 299]"
4,ba2 WT/Het 0.1% DMSO_20211019_plate1,"[300 302 303 305 306 307 308 310 311 314 315 316 318 319 400 401 402 403
 404 405 406 407 408 409 410 411 412 414 416 417 418 501 502 504 505 506
 507 508 513 514 515 516 517 519]"
5,ba2 WT/Het 1uM Mela_20211019_plate1,"[320 321 322 324 325 326 327 328 329 330 331 332 333 335 337 338 339 341
 342 343 344 346 347 351 352 353 354 355 356 357 358 359 360 361 362 363
 364 365 366 367 370 371 372 373 374 375 376 378 381 382 383 384 385 386
 387 388 389 391 392 393 394 396 398 399 421 422 423 424 425 427 428 429
 430 432 433 435 436 437 439 440 441 442 443 445 447 448 449 452 453 454
 455 456 457 458 459 460 462 463 465 470 471 472 473 474 475 476 477 478
 480 481 482 483 484 486 488 489 492 493 494 496 498 499 521 522 524 525
 527 530 531 532 533 534 535 536 537 539 540 541 542 543 545 546 549 550
 552 553 554 555 556 558 559 560 561 564 565 566 568 571 572 573 575 576
 577 579 580 582 583 587 588 589 590 591 592 593 594 595 596 597 599]"
6,ba2 Mutant DMSO_20211019_plate1,[301 304 309 312 313 317 413 415 419 503 509 512 518]
7,ba2 Mutant 1uM Mela_20211019_plate1,"[323 334 336 340 368 369 377 380 390 395 397 420 426 431 434 444 446 450
 451 461 464 467 469 485 490 491 497 520 526 528 544 547 548 551 557 562
 567 569 574 578 584 586]"
8,ba1 WT/Het 0.1% DMSO_20211020_plate0,"[600 603 604 605 606 607 608 609 611 612 613 614 615 616 700 704 705 706
 707 709 710 712 713 714 716 717 718 719 800 802 804 807 813 814 815 816
 818 819]"
9,ba1 WT/Het 1uM Mela_20211020_plate0,"[620 622 624 625 626 627 630 631 632 633 634 635 636 637 638 640 641 643
 644 646 649 650 651 652 654 655 656 657 658 659 660 661 664 665 666 668
 669 670 671 673 674 675 680 684 685 686 689 691 692 693 695 696 697 698
 699 720 723 724 725 728 730 731 732 733 734 735 736 737 738 739 740 743
 745 746 748 749 750 751 752 753 754 756 757 758 759 761 762 763 764 765
 767 768 769 770 772 773 774 775 777 779 780 781 783 784 785 786 788 789
 790 791 793 794 795 796 797 798 799 820 821 822 824 825 826 827 831 832
 833 834 835 838 839 840 844 847 849 852 853 854 855 857 860 861 863 864
 865 866 868 871 872 873 874 875 878 879 880 882 884 888 890 891 892 893
 894 895 896 897 898 899]"
10,ba1 Mutant DMSO_20211020_plate0,[601 602 610 617 618 701 702 703 708 711 715 801 805 806 808 809 812]
11,ba1 Mutant 1uM Mela_20211020_plate0,"[621 623 628 629 639 642 645 647 653 662 663 667 672 676 677 678 679 681
 682 683 688 690 694 721 722 726 727 729 741 742 744 747 755 760 766 771
 776 778 782 787 792 823 828 829 836 837 841 842 843 846 848 850 851 856
 858 859 862 867 869 870 876 877 881 883 885 886 887 889]"
12,ba2 WT/Het 0.1% DMSO_20211020_plate1,"[ 900  901  902  903  905  906  908  909  910  911  912  913  914  915
  916  917  918  919 1000 1001 1002 1004 1005 1006 1007 1009 1011 1012
 1013 1014 1015 1016 1017 1018 1100 1101 1102 1103 1104 1105 1106 1107
 1109 1110 1111 1112 1115 1117 1118 1119]"
13,ba2 WT/Het 1uM Mela_20211020_plate1,"[ 920  921  922  923  924  925  926  927  928  929  930  931  932  933
  934  935  937  938  939  940  941  944  945  946  947  948  950  952
  954  955  956  958  959  960  961  962  963  964  965  966  967  969
  971  973  974  975  976  977  978  979  980  981  982  983  984  985
  986  987  989  990  991  992  993  994  995  996  997  998  999 1020
 1021 1022 1024 1025 1026 1027 1028 1030 1032 1033 1034 1035 1036 1037
 1038 1039 1040 1041 1042 1043 1045 1046 1047 1048 1049 1050 1051 1053
 1054 1055 1056 1057 1058 1059 1060 1061 1062 1063 1064 1065 1066 1068
 1069 1070 1071 1074 1075 1076 1077 1078 1079 1080 1082 1083 1084 1085
 1086 1087 1088 1089 1091 1092 1093 1094 1095 1096 1097 1098 1099 1120
 1121 1122 1123 1124 1125 1126 1127 1128 1129 1130 1131 1132 1133 1134
 1135 1137 1138 1139 1140 1141 1142 1143 1144 1145 1146 1147 1148 1149
 1150 1151 1152 1153 1155 1156 1157 1158 1159 1160 1161 1162 1163 1164
 1165 1166 1167 1168 1169 1170 1171 1172 1173 1174 1175 1176 1177 1178
 1179 1180 1181 1182 1183 1184 1185 1186 1187 1189 1190 1191 1192 1194
 1195 1196 1197 1198 1199]"
14,ba2 Mutant DMSO_20211020_plate1,[ 904 1003 1008 1010 1019 1108 1113 1114 1116]
15,ba2 Mutant 1uM Mela_20211020_plate1,"[ 936  943  953  968  970  972  988 1023 1029 1031 1044 1052 1067 1072
 1136 1188]"
16,aa1 WT/Het 0.1% DMSO_20220117_plate0,"[1200 1201 1202 1204 1205 1206 1208 1209 1214 1216 1219 1240 1241 1243
 1244 1245 1246 1250 1253 1256 1259 1282 1287 1289 1290 1291 1292 1293
 1297 1298 1320 1321 1322 1323 1324 1325 1326 1327 1328 1331 1332 1333
 1335 1336 1337 1338 1339 1360 1361 1363 1365 1367 1372 1373 1374 1375
 1377 1378 1400 1401 1402 1403 1404 1405 1409 1413 1415 1416 1419 1440
 1441 1442 1444 1445 1446 1447 1449 1450 1454 1457 1458 1459 1482 1484
 1487 1488 1489 1490 1491 1492 1493 1494 1495 1496 1498 1499]"
17,aa1 WT/Het melatonin 1µM_20220117_plate0,"[1220 1222 1223 1224 1225 1226 1227 1229 1231 1232 1233 1234 1236 1237
 1238 1239 1261 1262 1263 1264 1265 1266 1267 1268 1269 1271 1274 1276
 1279 1300 1301 1302 1303 1304 1308 1310 1311 1312 1314 1315 1317 1318
 1340 1341 1342 1343 1344 1345 1346 1348 1349 1350 1351 1352 1353 1354
 1355 1356 1357 1358 1380 1382 1383 1384 1385 1387 1389 1390 1391 1392
 1396 1397 1399 1420 1421 1422 1423 1424 1426 1429 1431 1432 1433 1435
 1436 1437 1438 1439 1460 1461 1462 1463 1464 1465 1466 1467 1468 1469
 1470 1471 1472 1473 1474 1475 1476 1477 1478 1479]"
18,aa1 mutant 0.1% DMSO_20220117_plate0,"[1207 1210 1215 1217 1242 1247 1251 1252 1254 1255 1257 1281 1284 1285
 1286 1294 1296 1299 1334 1362 1364 1366 1368 1369 1370 1371 1376 1379
 1406 1407 1408 1410 1411 1412 1414 1417 1418 1443 1448 1451 1453 1456
 1480 1481 1483 1485 1486 1497]"
19,aa1 mutant melatonin 1µM_20220117_plate0,"[1221 1228 1235 1270 1272 1273 1275 1277 1278 1305 1306 1307 1309 1313
 1316 1347 1359 1381 1386 1388 1393 1394 1395 1398 1425 1427 1428 1430
 1434]"
20,aa1 WT/Het 0.1% DMSO_20220117_plate1,"[1597 1599 1620 1623 1624 1625 1626 1629 1631 1632 1635 1636 1637 1639
 1661 1662 1664 1665 1666 1667 1668 1669 1671 1672 1673 1674 1678 1700
 1701 1704 1705 1706 1708 1709 1710 1712 1713 1714 1715 1716 1717 1718
 1719 1744 1746 1750 1752 1753 1756 1757 1758 1759 1780 1781 1782 1783
 1784 1785 1786 1787 1789 1790 1792 1793 1794]"
21,aa1 WT/Het melatonin 1µM_20220117_plate1,"[1600 1601 1602 1603 1606 1607 1608 1609 1610 1611 1612 1614 1615 1616
 1617 1618 1619 1640 1641 1642 1643 1646 1648 1649 1650 1651 1653 1654
 1655 1656 1657 1659 1680 1681 1683 1684 1687 1688 1689 1690 1692 1694
 1695 1696 1720 1721 1722 1723 1724 1725 1728 1729 1730 1731 1732 1735
 1737 1738 1739 1761 1762 1766 1767 1772 1773 1774]"
22,aa1 mutant 0.1% DMSO_20220117_plate1,"[1596 1598 1621 1627 1630 1634 1638 1660 1663 1670 1675 1676 1677 1679
 1702 1711 1741 1742 1743 1747 1749 1751 1754 1791 1795 1796 1797]"
23,aa1 mutant melatonin 1µM_20220117_plate1,"[1604 1605 1644 1645 1647 1652 1658 1682 1686 1693 1726 1727 1733 1734
 1760 1768 1778]"
24,c4 WT/Het 0.1% DMSO_20220203_plate0,"[1800 1801 1802 1804 1805 1806 1809 1810 1811 1813 1814 1815 1816 1817
 1819 1901 1902 1903 1904 1905 1909 1912 1914 1916 1917 1918 1919 2020
 2021 2022 2024 2025 2027 2028 2029 2030 2032 2033 2034 2035]"
25,c WT/Het melatonin 1µM_20220203_plate0,"[1821 1822 1823 1824 1825 1826 1828 1829 1830 1831 1833 1835 1837 1839
 1841 1842 1843 1844 1845 1846 1847 1849 1850 1853 1855 1856 1857 1858
 1859 1861 1862 1864 1865 1867 1868 1869 1870 1871 1873 1875 1876 1877
 1878 1879 1880 1881 1882 1884 1886 1887 1888 1889 1890 1891 1892 1895
 1896 1897 1898 1899 1920 1921 1922 1923 1924 1925 1926 1927 1928 1929
 1930 1931 1932 1933 1934 1936 1937 1938 1944 1945 1946 1947 1948 1952
 1953 1952 1956 1957 1958 1959 1960 1961 1962 1963 1964 1965 1966 1968
 1970 1972 1973 1974 1975 1976 1978 1979 1980 1982 1983 1984 1985 1986
 1989 1990 1992 1993 1994 1995 1996 1997 1998 1999 2000 2001 2002 2004
 2005 2006 2009 2010 2011 2012 2013 2014 2015 2018 2019]"
26,c mutant 0.1% DMSO_20220203_plate0,[1803 1807 1808 1812 1818 1900 1911 1913 1915 2023 2026]
27,c mutant melatonin 1µM_20220203_plate0,"[1820 1827 1834 1836 1838 1840 1848 1851 1852 1854 1860 1866 1872 1874
 1883 1885 1893 1894 1906 1907 1908 1939 1940 1941 1942 1943 1950 1951
 1954 1967 1969 1971 1977 1981 1987 1985 1991 2003 2007 2016 2017]"
28,ab1 WT 0.1% DMSO_20220704_plate0,"[2121 2123 2124 2125 2126 2128 2130 2131 2132 2133 2134 2202 2204 2205
 2206 2207 2208 2209 2210 2211 2213 2215 2281 2282 2284 2285 2287 2289
 2290 2292 2294 2295]"
29,ab1 WT 1µM Melatonin_20220704_plate0,"[2141 2143 2145 2146 2147 2148 2149 2150 2151 2153 2154 2155 2161 2163
 2165 2166 2167 2168 2169 2170 2174 2176 2184 2185 2186 2187 2188 2190
 2191 2193 2194 2195 2196 2221 2222 2226 2227 2228 2229 2230 2231 2234
 2235 2236 2243 2245 2246 2247 2248 2249 2251 2252 2261 2262 2263 2266
 2267 2269 2270 2271 2272 2276 2301 2303 2305 2306 2308 2310 2312 2313
 2315 2323 2324 2326 2327 2328 2329 2330 2331 2333 2334 2335 2336 2337
 2338 2339 2340 2341 2342 2343 2344 2345 2346 2347 2348 2349 2351 2353
 2354 2361 2362 2363 2364 2365 2366 2367 2368 2369 2370 2371 2372 2373
 2374]"
30,ab1 Het 0.1% DMSO_20220704_plate0,"[2122 2127 2129 2135 2136 2201 2203 2212 2214 2216 2283 2286 2288 2291
 2293]"
31,ab1 Het 1µM Melatonin_20220704_plate0,"[2142 2144 2152 2156 2162 2164 2171 2172 2173 2175 2181 2182 2183 2189
 2192 2223 2224 2225 2232 2233 2242 2244 2250 2253 2254 2255 2256 2264
 2268 2273 2275 2302 2304 2307 2309 2311 2314 2321 2322 2325 2332 2350
 2352 2355 2375]"
32,0.1% DMSO_20220704_plate1,"[2400 2401 2402 2403 2404 2405 2406 2407 2408 2409 2410 2411 2412 2413
 2414 2415 2416 2417 2418 2419 2500 2501 2502 2503 2504 2505 2506 2507
 2508 2509 2510 2511 2512 2513 2514 2515 2516 2517 2518 2519 2640 2641
 2642 2643 2644 2645 2646 2647 2648 2649 2650 2651 2652 2653 2654 2655
 2656]"
33,25 µM PPT_20220704_plate1,"[2480 2481 2482 2483 2484 2485 2486 2487 2488 2489 2490 2491 2492 2493
 2494 2495 2496 2497 2498 2499 2560 2561 2562 2563 2564 2565 2566 2567
 2568 2569 2570 2571 2572 2573 2574 2575 2576 2577 2578 2579 2657 2658
 2659 2660 2661 2662 2663 2664 2665 2666 2667 2668 2669 2670 2671 2672
 2673 2674 2675 2676 2677 2678 2679]"
34,50 µM PPT_20220704_plate1,"[2420 2421 2422 2423 2424 2425 2426 2427 2428 2429 2430 2431 2432 2433
 2434 2435 2436 2437 2438 2439 2520 2521 2522 2523 2524 2525 2526 2527
 2528 2529 2530 2531 2532 2533 2534 2535 2536 2537 2538 2539 2620 2621
 2622 2623 2624 2625 2626 2627 2628 2629 2630 2631 2632 2633 2634 2635
 2636 2637 2638 2639]"
35,75 µM PPT_20220704_plate1,"[2440 2441 2442 2443 2444 2445 2446 2447 2448 2449 2450 2451 2452 2453
 2454 2455 2456 2457 2458 2459 2540 2541 2542 2543 2544 2545 2546 2547
 2548 2549 2550 2551 2552 2553 2554 2555 2556 2557 2558 2559 2600 2601
 2602 2603 2604 2605 2606 2607 2608 2609 2610 2611 2612 2613 2614 2615
 2616 2617 2618 2619]"
36,100 µM PPT_20220704_plate1,"[2460 2461 2462 2463 2464 2465 2466 2467 2468 2469 2470 2471 2472 2473
 2474 2475 2476 2477 2478 2479 2580 2581 2582 2583 2584 2585 2586 2587
 2588 2589 2590 2591 2592 2593 2594 2595 2596 2597 2598 2599 2680 2681
 2682 2683 2684 2685 2686 2687 2688 2689 2690 2691 2692 2693 2694 2695
 2696 2697 2698 2699]"
37,ba2/C4 WT/Het 0.1% DMSO_20220707_plate0,"[2700 2701 2702 2703 2704 2705 2707 2708 2710 2711 2712 2713 2714 2715
 2716 2717 2718 2719 2800 2801 2802 2803 2805 2806 2807 2808 2809 2810
 2811 2812 2813 2814 2815 2816 2818 2900 2901 2902 2904 2906 2907 2908
 2909 2911 2912 2913 2914 2915 2917 2918 2919]"
38,ba2/C4 WT/Het 1µM Melatonin_20220707_plate0,"[2720 2721 2722 2724 2725 2726 2727 2728 2729 2730 2731 2732 2733 2734
 2735 2736 2738 2739 2740 2741 2742 2743 2744 2745 2746 2747 2748 2749
 2750 2751 2752 2753 2754 2755 2756 2757 2758 2759 2760 2761 2762 2763
 2764 2765 2766 2767 2768 2770 2771 2772 2773 2774 2775 2776 2778 2779
 2780 2782 2783 2786 2787 2788 2789 2790 2791 2792 2793 2794 2795 2796
 2797 2798 2820 2821 2822 2823 2824 2825 2826 2827 2828 2829 2831 2832
 2833 2834 2835 2836 2837 2838 2841 2842 2843 2844 2845 2846 2847 2848
 2849 2850 2851 2852 2853 2854 2855 2857 2858 2859 2861 2862 2863 2865
 2866 2867 2868 2869 2870 2872 2873 2874 2876 2877 2878 2879 2880 2881
 2882 2883 2884 2887 2888 2889 2890 2891 2892 2893 2894 2895 2896 2897
 2898 2899 2920 2921 2922 2923 2924 2925 2926 2927 2928 2930 2931 2933
 2934 2936 2937 2938 2939 2940 2942 2943 2944 2945 2946 2948 2949 2951
 2952 2953 2954 2956 2957 2958 2959 2960 2961 2963 2964 2965 2966 2967
 2968 2969 2970 2973 2974 2975 2976 2977 2978 2979 2980 2981 2982 2983
 2984 2985 2986 2987 2988 2989 2990 2991 2992 2993 2994 2996 2997 2998
 2999]"
39,ba2/C4 mutant 0.1% DMSO_20220707_plate0,[2706 2709 2804 2817 2819 2903 2905 2910 2916]
40,ba2/C4 mutant1µM Melatonin_20220707_plate0,"[2723 2737 2769 2777 2781 2784 2785 2799 2830 2839 2840 2856 2860 2864
 2871 2875 2885 2886 2929 2932 2935 2941 2947 2950 2955 2962 2971 2972
 2995]"
41,ab2 WT/Het 0.1% DMSO_20220830_plate0,"[3021 3022 3023 3026 3033 3024 3027 3028 3029 3031 3036 3141 3142 3143
 3144 3147 3148 3149 3150 3151 3155 3145 3146 3152 3154 3156 3261 3263
 3265 3266 3270 3273 3274 3275 3262 3272 3276]"
42,ab2 WT/Het 1µM Melatonin_20220830_plate0,"[3041 3042 3043 3044 3045 3046 3047 3048 3050 3052 3054 3055 3056 3061
 3062 3063 3064 3065 3067 3068 3069 3070 3071 3072 3074 3075 3076 3081
 3082 3086 3088 3089 3092 3093 3096 3101 3102 3103 3104 3105 3106 3107
 3108 3109 3110 3112 3114 3115 3116 3123 3124 3125 3126 3127 3128 3130
 3132 3133 3161 3163 3164 3166 3168 3169 3171 3172 3174 3175 3176 3181
 3183 3184 3185 3186 3187 3189 3190 3191 3192 3193 3196 3201 3203 3204
 3205 3206 3207 3208 3209 3210 3211 3212 3214 3215 3216 3222 3227 3229
 3230 3231 3232 3234 3235 3241 3242 3243 3245 3247 3248 3249 3250 3251
 3252 3253 3255]"
43,ab2 mutant 0.1% DMSO_20220830_plate0,[3025 3030 3032 3034 3035 3153 3264 3267 3269 3271]
44,ab2 mutant 1µM Melatonin_20220830_plate0,"[3049 3051 3053 3066 3073 3083 3084 3085 3087 3090 3091 3094 3095 3111
 3113 3121 3122 3129 3131 3134 3135 3136 3162 3165 3167 3173 3182 3188
 3194 3195 3202 3213 3221 3223 3224 3226 3228 3233 3236 3244 3246 3254]"
45,al2 WT/Het 1µM Melatonin_20220830_plate0,"[3042 3043 3044 3045 3048 3050 3052 3055 3056 3061 3063 3064 3068 3070
 3071 3072 3075 3081 3082 3088 3089 3092 3093 3101 3102 3103 3105 3106
 3108 3110 3112 3115 3116 3123 3128 3132 3133 3161 3163 3166 3168 3169
 3172 3174 3175 3176 3181 3183 3184 3185 3189 3190 3191 3192 3205 3208
 3209 3210 3216 3222 3231 3232 3234 3235 3241 3242 3243 3245 3247 3248
 3249 3250 3252 3255]"
46,al2 WT/Het 0.1% DMSO_20220830_plate0,"[3021 3022 3023 3026 3033 3141 3142 3143 3144 3147 3148 3149 3150 3151
 3155 3261 3263 3265 3266 3270 3273 3274 3275]"
47,al2 mutant 0.1% DMSO_20220830_plate0,[3024 3027 3028 3029 3031 3036 3145 3146 3152 3154 3156 3262 3272 3276]
48,al2 mutant 1µM Melatonin_20220830_plate0,"[3041 3046 3047 3054 3062 3065 3067 3069 3074 3076 3086 3096 3104 3107
 3109 3114 3124 3125 3126 3127 3130 3164 3171 3186 3187 3193 3196 3201
 3203 3204 3206 3207 3211 3212 3214 3215 3227 3229 3230 3251 3253]"
49,aa2+/?; al2+/? ; Mel_20221129_plate0,"[3338 3339 3344 3356 3359 3363 3367 3368 3369 3374 3377 3379 3381 3386
 3387 3389 3423 3427 3428 3429 3431 3435 3443 3444 3449 3453 3455 3456
 3464 3468 3473 3475 3478 3486 3490 3495 3526 3528 3531 3533 3535 3542
 3548 3551 3558 3577 3578 3580 3585 3587 3336 3350 3353 3364 3366 3372
 3373 3380 3393 3421 3430 3432 3448 3482 3491 3496 3498 3534 3536 3538
 3569 3586 3335 3340 3345 3348 3354 3365 3375 3392 3398 3420 3422 3431
 3447 3451 3469 3471 3479 3481 3497 3520 3521 3543 3544 3547 3552 3555
 3557 3567 3342 3346 3352 3362 3376 3384 3394 3438 3461 3463 3485 3522
 3562 3565 3573]"
50,aa2+/?; al2+/? ; DMSO_20221129_plate0,"[3306 3312 3316 3319 3403 3406 3407 3412 3415 3418 3503 3505 3512 3516
 3519 3408 3409 3411 3315 3323 3404 3419 3507 3513]"
51,aa2-/-;al2+/?; Mel_20221129_plate0,"[3320 3347 3357 3358 3383 3397 3440 3442 3454 3457 3458 3466 3476 3481
 3523 3525 3527 3530 3546 3559 3561 3571 3582 3583 3349 3360 3370 3382
 3424 3425 3437 3439 3452 3462 3487 3541 3549 3553 3564 3572 3575 3576
 3579]"
52,aa2+/?;al2-/-; Mel_20221129_plate0,"[3328 3341 3343 3371 3378 3388 3390 3391 3445 3450 3459 3470 3477 3484
 3488 3493 3494 3529 3539 3545 3554 3563 3566 3574 3581 3426 3446 3460
 3472 3474 3489 3532 3550 3560]"
53,aa2-/-;al2-/-; Mel_20221129_plate0,"[3351 3355 3361 3385 3395 3396 3434 3436 3441 3480 3492 3524 3537 3568
 3570 3584]"
54,aa2 WT/Het DMSO_20221129_plate0,"[3302 3309 3313 3315 3404 3419 3507 3509 3513 3303 3305 3306 3312 3316
 3319 3403 3406 3407 3408 3409 3411 3412 3413 3414 3415 3416 3418 3501
 3502 3503 3505 3506 3511 3512 3516 3517 3519]"
55,aa2 WT/Het 1µM Melatonin_20221129_plate0,"[3323 3335 3340 3342 3345 3346 3348 3352 3354 3362 3365 3375 3376 3384
 3392 3394 3398 3420 3422 3426 3431 3438 3446 3447 3451 3460 3461 3463
 3469 3471 3472 3474 3479 3481 3485 3489 3497 3499 3520 3521 3522 3532
 3540 3543 3544 3547 3550 3552 3555 3557 3560 3562 3565 3567 3573 3328
 3336 3338 3339 3341 3343 3344 3350 3353 3356 3359 3363 3364 3366 3367
 3368 3369 3371 3372 3373 3374 3377 3378 3379 3380 3381 3386 3387 3388
 3389 3390 3391 3393 3399 3421 3423 3427 3428 3429 3430 3431 3432 3435
 3443 3444 3445 3448 3449 3450 3453 3455 3456 3459 3464 3468 3470 3473
 3475 3477 3478 3482 3484 3486 3488 3490 3491 3493 3494 3495 3496 3498
 3526 3528 3529 3531 3533 3534 3535 3536 3538 3539 3542 3545 3548 3551
 3554 3558 3563 3566 3569 3574 3577 3578 3580 3581 3585 3586 3587]"
56,aa2 mutant DMSO_20221129_plate0,"[3300 3304 3308 3310 3314 3400 3401 3402 3405 3410 3417 3500 3504 3508
 3510 3514 3515 3518]"
57,aa2 mutant 1µM Melatonin_20221129_plate0,"[3320 3347 3349 3351 3355 3357 3358 3360 3361 3370 3382 3383 3385 3395
 3396 3397 3424 3425 3434 3436 3437 3439 3441 3442 3452 3454 3457 3458
 3462 3466 3476 3480 3481 3487 3492 3523 3524 3525 3527 3530 3537 3541
 3546 3549 3553 3556 3559 3561 3564 3568 3570 3571 3572 3575 3576 3579
 3582 3583 3584]"
58,al2 WT/Het 1µM Melatonin_20221129_plate0,"[3323 3324 3326 3327 3329 3330 3331 3333 3334 3335 3336 3338 3339 3340
 3342 3344 3345 3346 3348 3350 3352 3353 3354 3356 3359 3362 3363 3364
 3365 3366 3367 3368 3369 3372 3373 3374 3375 3376 3377 3379 3380 3381
 3384 3386 3387 3389 3392 3393 3394 3398 3420 3421 3422 3423 3427 3428
 3429 3430 3431 3432 3433 3435 3438 3440 3443 3444 3447 3448 3449 3451
 3453 3455 3456 3461 3463 3464 3468 3469 3471 3473 3475 3478 3479 3482
 3483 3485 3486 3490 3491 3495 3496 3497 3498 3520 3521 3522 3526 3528
 3531 3533 3534 3535 3536 3538 3542 3543 3544 3547 3548 3551 3552 3555
 3557 3558 3562 3565 3567 3569 3573 3577 3578 3580 3585 3586 3587]"
59,al2 WT/Het 0.1% DMSO_20221129_plate0,"[3306 3312 3315 3316 3317 3318 3319 3403 3404 3406 3407 3408 3409 3411
 3412 3415 3418 3419 3503 3505 3507 3512 3513 3516 3519]"
60,al2 mutant 0.1% DMSO_20221129_plate0,"[3302 3303 3305 3309 3310 3313 3314 3413 3414 3416 3500 3501 3502 3506
 3509 3511 3517]"
61,al2 mutant 1µM Melatonin_20221129_plate0,"[3328 3332 3341 3343 3351 3355 3361 3371 3378 3385 3388 3390 3391 3395
 3396 3399 3426 3434 3436 3441 3445 3446 3450 3459 3460 3470 3472 3474
 3477 3480 3484 3488 3489 3492 3493 3494 3499 3524 3529 3532 3537 3539
 3545 3550 3554 3560 3563 3566 3568 3570 3574 3581 3584]"
62,aa2+/?; al2+/? ; Mel_20221129_plate1,"[3627 3646 3647 3658 3659 3660 3662 3667 3671 3682 3684 3691 3722 3733
 3738 3742 3756 3762 3763 3771 3784 3830 3848 3849 3856 3859 3862 3886
 3633 3640 3677 3681 3688 3698 3721 3726 3727 3752 3754 3773 3775 3783
 3787 3789 3796 3826 3854 3861 3873 3881 3884 3887 3622 3629 3641 3645
 3652 3654 3661 3665 3670 3679 3685 3686 3689 3692 3694 3697 3725 3728
 3734 3740 3747 3751 3753 3760 3766 3772 3779 3788 3790 3793 3794 3795
 3822 3831 3834 3838 3841 3847 3850 3855 3864 3867 3868 3871 3874 3880
 3883 3630 3644 3673 3674 3678 3695 3737 3739 3744 3757 3759 3797 3823
 3845 3853 3866 3869]"
63,aa2+/?; al2+/? ; DMSO_20221129_plate1,"[3600 3604 3612 3618 3701 3702 3804 3609 3615 3800 3614 3619 3704 3705
 3708 3711 3801 3809 3813 3815 3816 3601 3602 3608 3611 3613 3615 3706
 3799 3802 3803 3811 3812 3814 3819 3616 3700 3818]"
64,aa2-/-;al2+/?; Mel_20221129_plate1,"[3623 3626 3635 3636 3642 3643 3648 3656 3690 3729 3730 3736 3749 3767
 3769 3770 3820 3824 3828 3829 3835 3852 3857 3860 3863 3877 3885 3631
 3651 3669 3724 3748 3821 3827 3844 3870 3876 3878]"
65,aa2+/?;al2-/-; Mel_20221129_plate1,"[3620 3628 3638 3657 3664 3666 3672 3693 3726 3727 3728 3734 3745 3746
 3750 3755 3758 3761 3765 3776 3778 3833 3842 3851 3858 3865 3872 3875
 3624 3632 3634 3639 3650 3653 3655 3675 3676 3696 3731 3738 3768 3774
 3777 3782 3791 3792 3798 3846 3882]"
66,aa2-/-;al2-/-; Mel_20221129_plate1,"[3625 3636 3649 3663 3668 3683 3687 3720 3723 3730 3764 3780 3786 3825
 3836 3840 3843 3879]"
67,aa2 WT/Het DMSO_20221129_plate1,"[3609 3615 3616 3700 3800 3805 3818 3601 3602 3605 3606 3607 3608 3610
 3611 3613 3614 3615 3619 3703 3704 3705 3706 3707 3708 3711 3712 3801
 3802 3803 3807 3809 3810 3811 3812 3813 3814 3815 3816 3819]"
68,aa2 WT/Het 1µM Melatonin_20221129_plate1,"[3624 3627 3630 3632 3634 3639 3644 3646 3647 3650 3653 3655 3658 3659
 3660 3662 3667 3671 3673 3674 3675 3676 3678 3682 3684 3691 3695 3696
 3722 3731 3733 3735 3737 3738 3739 3742 3744 3756 3757 3759 3762 3763
 3768 3771 3774 3777 3782 3784 3791 3792 3797 3798 3823 3830 3832 3845
 3846 3848 3849 3853 3856 3859 3862 3866 3869 3882 3886 3620 3621 3622
 3628 3629 3633 3637 3638 3640 3641 3645 3652 3654 3657 3661 3664 3665
 3666 3670 3672 3677 3679 3681 3685 3686 3688 3689 3692 3693 3694 3697
 3698 3721 3725 3726 3727 3728 3732 3734 3740 3745 3746 3747 3750 3751
 3752 3753 3754 3755 3758 3760 3761 3765 3766 3772 3773 3775 3776 3778
 3779 3783 3787 3788 3789 3790 3793 3794 3795 3796 3799 3822 3826 3831
 3833 3834 3837 3838 3841 3842 3847 3850 3851 3854 3855 3858 3861 3864
 3865 3867 3868 3871 3872 3873 3874 3875 3880 3881 3883 3884 3887]"
69,aa2 mutant DMSO_20221129_plate1,[3600 3603 3604 3612 3618 3701 3702 3709 3710 3804 3806 3808 3817]
70,aa2 mutant 1µM Melatonin_20221129_plate1,"[3623 3625 3626 3631 3635 3636 3642 3643 3648 3649 3651 3656 3663 3668
 3669 3683 3687 3690 3699 3720 3723 3724 3729 3730 3736 3748 3749 3764
 3767 3769 3770 3780 3781 3785 3786 3820 3821 3824 3825 3827 3828 3829
 3835 3836 3840 3843 3844 3852 3857 3860 3863 3870 3876 3877 3878 3879
 3885]"
71,al2 WT/Het 1µM Melatonin_20221129_plate1,"[3622 3627 3629 3630 3633 3640 3641 3644 3645 3646 3647 3652 3654 3658
 3659 3660 3661 3662 3665 3667 3670 3671 3673 3674 3677 3678 3679 3681
 3682 3684 3685 3686 3688 3689 3691 3692 3694 3695 3697 3698 3721 3722
 3725 3726 3727 3728 3733 3734 3737 3738 3739 3740 3742 3744 3747 3751
 3752 3753 3754 3756 3757 3759 3760 3762 3763 3766 3771 3772 3773 3775
 3779 3783 3784 3787 3788 3789 3790 3793 3794 3795 3796 3797 3799 3822
 3823 3826 3830 3831 3834 3838 3839 3841 3845 3847 3848 3849 3850 3853
 3854 3855 3856 3859 3861 3862 3864 3866 3867 3868 3869 3871 3873 3874
 3880 3881 3883 3884 3886 3887]"
72,al2 WT/Het 0.1% DMSO_20221129_plate1,"[3601 3602 3608 3609 3611 3613 3614 3615 3616 3619 3700 3704 3705 3706
 3708 3711 3800 3801 3802 3803 3809 3811 3812 3813 3814 3815 3816 3818
 3819]"
73,al2 mutant 0.1% DMSO_20221129_plate1,[3605 3606 3607 3610 3617 3703 3707 3709 3710 3806 3807 3808 3810]
74,al2 mutant 1µM Melatonin_20221129_plate1,"[3620 3624 3625 3628 3632 3634 3636 3638 3639 3649 3650 3653 3655 3657
 3663 3664 3666 3668 3672 3675 3676 3683 3687 3693 3696 3720 3723 3726
 3727 3728 3730 3731 3734 3738 3745 3746 3750 3755 3758 3761 3764 3765
 3768 3774 3776 3777 3778 3780 3781 3782 3786 3791 3792 3798 3825 3833
 3836 3840 3842 3843 3846 3851 3858 3865 3872 3875 3879 3882]"
75,aa2+/?; ab2+/? ; Mel_20221130_plate0,"[3926 3931 3943 3952 3954 3966 3992 4037 4055 4062 4069 4094 4128 4136
 4140 4165 4167 4174 4178 4179 4187 3920 3924 3930 3951 3956 3957 3959
 3962 3963 3964 3975 3984 3985 4022 4027 4050 4056 4061 4073 4082 4084
 4086 4092 4096 4098 4123 4124 4125 4127 4141 4142 4143 4144 4145 4147
 4149 4150 4155 4163 4183 4184 3927 3928 3939 3942 3961 3967 3990 3998
 4060 4072 4079 4080 4095 4121 4130 4132 4134 4162 4172 4173 4175 4181
 3933 3936 3944 3947 3965 3971 3976 3977 3979 3980 3981 3983 3987 3988
 3989 3991 3997 4021 4028 4034 4044 4046 4047 4054 4057 4063 4070 4081
 4087 4090 4091 4120 4126 4154 4155 4165 4177]"
76,aa2+/?; ab2+/? ; DMSO_20221130_plate0,"[3908 3912 3917 4001 4103 3909 3911 3915 4013 4014 4015 4017 4105 4108
 4109 4111 4116 4117 4118 3999 4002 4018 4101 3910 3918 4008 4114]"
77,aa2-/-;ab2+/?; Mel_20221130_plate0,"[3906 3934 3938 3940 3946 3948 3974 3969 4024 4031 4032 4036 4049 4053
 4058 4071 4088 4135 4146 4151 4159 4168 4176 4186]"
78,aa2+/?;ab2-/-; Mel_20221130_plate0,"[3925 3932 3972 3973 3978 4025 4026 4052 4066 4122 4133 4153 4155 4185
 3949 3955 3960 3982 3996 4020 4023 4045 4051 4059 4067 4076 4077 4078
 4085 4093 4097 4138 4148 4152 4155 4170 4171 4182]"
79,aa2-/-;ab2-/-; Mel_20221130_plate0,[3935 3948 3950 3953 4029 4030 4048 4065]
80,aa2 WT/Het DMSO_20221130_plate0,"[3908 3910 3912 3917 3918 3919 4001 4006 4008 4010 4102 4103 4106 4107
 4113 4114 4115 4119 3909 3911 3915 3916 4002 4013 4014 4015 4017 4018
 4100 4101 4105 4108 4109 4110 4111 4112 4116 4117 4118]"
81,aa2 WT/Het 1µM Melatonin_20221130_plate0,"[3925 3926 3931 3932 3933 3936 3943 3944 3947 3952 3954 3965 3966 3971
 3972 3973 3976 3977 3978 3979 3980 3981 3983 3987 3988 3989 3991 3992
 3997 4021 4025 4026 4028 4033 4034 4037 4044 4046 4047 4052 4054 4055
 4057 4062 4063 4066 4069 4070 4074 4081 4087 4090 4091 4094 4099 4120
 4122 4126 4128 4133 4136 4140 4153 4154 4155 4164 4165 4167 4174 4177
 4178 4179 4185 4187 3920 3924 3927 3928 3930 3939 3942 3949 3951 3955
 3956 3957 3958 3959 3960 3961 3962 3963 3964 3967 3975 3982 3984 3985
 3990 3996 3998 3999 4020 4022 4023 4027 4045 4050 4051 4056 4059 4060
 4061 4067 4072 4073 4076 4077 4078 4079 4080 4082 4084 4085 4086 4092
 4093 4095 4096 4097 4098 4121 4123 4124 4125 4127 4130 4132 4134 4138
 4141 4142 4143 4144 4145 4147 4148 4149 4150 4152 4155 4157 4160 4162
 4163 4166 4169 4170 4171 4172 4173 4175 4180 4181 4182 4183 4184]"
82,aa2 mutant DMSO_20221130_plate0,[3906 3907 4000 4003 4005 4007 4009 4104]
83,aa2 mutant 1µM Melatonin_20221130_plate0,"[3934 3935 3938 3940 3946 3948 3950 3953 3974 3969 4024 4029 4030 4031
 4032 4036 4048 4049 4053 4058 4065 4071 4075 4083 4088 4135 4146 4151
 4159 4168 4176 4186]"
84,aa2+/?; ab2+/? ; Mel_20221130_plate1,"[4225 4232 4235 4236 4254 4270 4221 4233 4237 4238 4241 4243 4246 4248
 4250 4253 4257 4258 4261 4263 4265 4275 4278 4282 4290 4296 4297 4298
 4300 4302 4304 4240 4259 4273 4276 4281 4289 4291 4299 4305 4306 4227
 4228 4234 4242 4247 4249 4251 4255 4266 4271 4272 4284 4285 4292 4294
 4297 4298 4311]"
85,aa2+/?; ab2+/? ; DMSO_20221130_plate1,[4210 4211 4215 4202 4206 4214 4218 4219 4203 4205 4208 4213 4204]
86,aa2-/-;ab2+/?; Mel_20221130_plate1,[4222 4223 4229 4268 4280 4283 4308 4309 4310 4312]
87,aa2+/?;ab2-/-; Mel_20221130_plate1,"[4231 4239 4256 4274 4277 4279 4303 4226 4244 4245 4252 4262 4264 4267
 4269 4287 4307]"
88,aa2-/-;ab2-/-; Mel_20221130_plate1,[4230 4260 4293]
89,aa2 WT/Het DMSO_20221130_plate1,"[4204 4209 4210 4211 4215 4201 4202 4203 4205 4206 4208 4213 4214 4216
 4218 4219]"
90,aa2 WT/Het 1µM Melatonin_20221130_plate1,"[4224 4225 4227 4228 4231 4232 4234 4235 4236 4239 4242 4247 4249 4251
 4254 4255 4256 4266 4270 4271 4272 4274 4277 4279 4284 4285 4292 4294
 4297 4298 4303 4311 4221 4226 4233 4237 4238 4240 4241 4243 4244 4245
 4246 4248 4250 4252 4253 4257 4258 4259 4261 4262 4263 4264 4265 4267
 4269 4273 4275 4276 4278 4281 4282 4286 4287 4288 4289 4290 4291 4296
 4297 4298 4299 4300 4302 4304 4305 4306 4307]"
91,aa2 mutant DMSO_20221130_plate1,[4207 4212 4217]
92,aa2 mutant 1µM Melatonin_20221130_plate1,[4220 4222 4223 4229 4230 4260 4268 4280 4283 4293 4308 4309 4310 4312]
93,WT_20230110_plate0,"[4500 4501 4502 4503 4504 4505 4506 4507 4508 4509 4510 4511 4512 4513
 4514 4515 4516 4517 4518 4519 4540 4541 4542 4543 4544 4545 4546 4547
 4548 4549 4550 4551 4552 4553 4554 4555 4556 4557 4558 4559 4580 4581
 4582 4583 4584 4585 4586 4587 4588 4589 4590 4591 4592 4593 4594 4595
 4596 4597 4598 4599 4620 4621 4622 4623 4624 4625 4626 4627 4628 4629
 4630 4631 4632 4633 4634 4635 4636 4637 4638 4639 4660 4661 4662 4663
 4664 4665 4666 4667 4668 4669 4670 4671 4672 4673 4674 4675 4676 4677
 4678 4679 4700 4701 4702 4703 4704 4705 4706 4707 4708 4709 4710 4711
 4712 4713 4714 4715 4716 4717 4718 4719 4740 4741 4742 4743 4744 4745
 4746 4747 4748 4749 4750 4751 4752 4753 4754 4755 4756 4757 4758 4759
 4780 4781 4782 4783 4784 4785 4786 4787 4788 4789]"
94,WT shifted_20230110_plate0,"[4520 4521 4522 4523 4524 4525 4526 4527 4528 4529 4530 4531 4532 4533
 4534 4535 4536 4537 4538 4539 4560 4561 4562 4563 4564 4565 4566 4567
 4568 4569 4570 4571 4572 4573 4574 4575 4576 4577 4578 4579 4600 4601
 4602 4603 4604 4605 4606 4607 4608 4609 4610 4611 4612 4613 4614 4615
 4616 4617 4618 4619 4640 4641 4642 4643 4644 4645 4646 4647 4648 4649
 4650 4651 4652 4653 4654 4655 4656 4657 4658 4659 4680 4681 4682 4683
 4684 4685 4686 4687 4688 4689 4690 4691 4692 4693 4694 4695 4696 4697
 4698 4699 4720 4721 4722 4723 4724 4725 4726 4727 4728 4729 4730 4731
 4732 4733 4734 4735 4736 4737 4738 4739 4760 4761 4762 4763 4764 4765
 4766 4767 4768 4769 4770 4771 4772 4773 4774 4775 4776 4777 4778 4779
 4790 4791 4792 4793 4794 4795 4796 4797 4798 4799]"
95,aa2+/?; al2+/? ; Mel_20230110_plate1,"[4820 4822 4830 4832 4836 4841 4850 4859 4860 4866 4868 4869 4873 4876
 4885 4888 4892 4893 4895 4897 4921 4927 4932 4933 4935 4937 4940 4945
 4947 4949 4951 4956 4957 4963 4972 4973 4975 4976 4977 4979 4983 4984
 4986 4990 4995 4996 5020 5021 5022 5024 5034 5044 5050 5052 5055 5056
 5057 5058 5060 5066 5067 5069 5071 5077 5078 5079 4823 4825 4827 4828
 4829 4835 4839 4840 4845 4849 4851 4852 4855 4858 4863 4864 4865 4870
 4871 4875 4877 4878 4879 4881 4883 4886 4887 4891 4894 4896 4898 4920
 4925 4926 4928 4936 4938 4939 4941 4946 4953 4955 4958 4961 4962 4964
 4966 4968 4969 4980 4982 4987 4988 4994 4997 4998 5023 5025 5026 5027
 5031 5033 5035 5036 5037 5038 5039 5040 5041 5042 5048 5049 5051 5053
 5054 5061 5062 5063 5065 5068 5072]"
96,aa2+/?; al2+/? ; DMSO_20230110_plate1,"[4800 4802 4805 4806 4814 4819 4809 4810 4811 4812 4816 4818 4908 4909
 4911 4917 4919 4902 4905 4906 4912 4913 4915 4918 5005 5010 5019 4999
 5004 5008 5012 5014]"
97,aa2-/-;al2+/?; Mel_20230110_plate1,"[4821 4831 4837 4923 4931 4944 4960 4967 4970 4989 4993 5032 5045 5046
 5070]"
98,aa2+/?;al2-/-; Mel_20230110_plate1,"[4826 4848 4861 4880 4889 4890 4924 4930 4950 4959 4978 4985 5029 5043
 5059 5064 4833 4838 4842 4844 4847 4853 4854 4856 4862 4867 4872 4874
 4882 4929 4934 4943 4950 4974 4991 5028 5030 5047 5073 5074 5076]"
99,aa2-/-;al2-/-; Mel_20230110_plate1,[4834 4857 4884 4922 4942 4965 4981 5075]
100,aa2 WT/Het DMSO_20230110_plate1,"[4803 4804 4809 4810 4811 4812 4816 4818 4908 4909 4911 4917 4919 5005
 5007 5010 5015 5016 5019 4800 4802 4805 4806 4813 4814 4815 4817 4819
 4902 4903 4905 4906 4910 4912 4913 4915 4918 5000 5001 5002 5004 5006
 5008 5009 5012 5013 5014 5017 5018]"
101,aa2 WT/Het 1µM Melatonin_20230110_plate1,"[4820 4822 4826 4830 4832 4836 4841 4848 4850 4859 4860 4861 4866 4868
 4869 4873 4876 4880 4885 4888 4889 4890 4892 4893 4895 4897 4899 4921
 4924 4927 4930 4932 4933 4935 4937 4940 4945 4947 4948 4949 4950 4951
 4956 4957 4959 4963 4972 4973 4975 4976 4977 4978 4979 4983 4984 4985
 4986 4990 4995 4996 5020 5021 5022 5024 5029 5034 5043 5044 5050 5052
 5055 5056 5057 5058 5059 5060 5064 5066 5067 5069 5071 5077 5078 5079
 4823 4824 4825 4827 4828 4829 4833 4835 4838 4839 4840 4842 4844 4845
 4847 4849 4851 4852 4853 4854 4855 4856 4858 4862 4863 4864 4865 4867
 4870 4871 4872 4874 4875 4877 4878 4879 4881 4882 4883 4886 4887 4891
 4894 4896 4898 4920 4925 4926 4928 4929 4934 4936 4938 4939 4941 4943
 4946 4950 4953 4955 4958 4961 4962 4964 4966 4968 4969 4971 4974 4980
 4982 4987 4988 4991 4994 4997 4998 4999 5023 5025 5026 5027 5028 5030
 5031 5033 5035 5036 5037 5038 5039 5040 5041 5042 5047 5048 5049 5051
 5053 5054 5061 5062 5063 5065 5068 5072 5073 5074 5076]"
102,aa2 mutant DMSO_20230110_plate1,[4807 4900 4901 4904 4907 4914 4916 5003 5011]
103,aa2 mutant 1µM Melatonin_20230110_plate1,"[4821 4831 4834 4837 4857 4884 4922 4923 4931 4942 4944 4960 4965 4967
 4970 4981 4989 4993 5032 5045 5046 5070 5075]"
104,al2 WT/Het 1µM Melatonin_20230110_plate1,"[4820 4822 4823 4825 4827 4828 4829 4830 4832 4835 4836 4839 4840 4841
 4845 4849 4850 4851 4852 4855 4858 4859 4860 4863 4864 4865 4866 4868
 4869 4870 4871 4873 4875 4876 4877 4878 4879 4881 4883 4885 4886 4887
 4888 4891 4892 4893 4894 4895 4896 4897 4898 4920 4921 4925 4926 4927
 4928 4932 4933 4935 4936 4937 4938 4939 4940 4941 4945 4946 4947 4949
 4951 4952 4953 4955 4956 4957 4958 4961 4962 4963 4964 4966 4968 4969
 4972 4973 4975 4976 4977 4979 4980 4982 4983 4984 4986 4987 4988 4990
 4992 4994 4995 4996 4997 4998 4999 5020 5021 5022 5023 5024 5025 5026
 5027 5031 5033 5034 5035 5036 5037 5038 5039 5040 5041 5042 5044 5048
 5049 5050 5051 5052 5053 5054 5055 5056 5057 5058 5060 5061 5062 5063
 5065 5066 5067 5068 5069 5071 5072 5077 5078 5079]"
105,al2 WT/Het 0.1% DMSO_20230110_plate1,"[4800 4802 4805 4806 4809 4810 4811 4812 4814 4816 4818 4819 4902 4905
 4906 4908 4909 4911 4912 4913 4915 4917 4918 4919 5004 5005 5008 5010
 5012 5014 5019]"
106,al2 mutant 0.1% DMSO_20230110_plate1,"[4803 4804 4807 4813 4815 4817 4903 4904 4910 5000 5001 5002 5006 5007
 5009 5013 5015 5016 5017 5018]"
107,al2 mutant 1µM Melatonin_20230110_plate1,"[4826 4833 4834 4838 4842 4844 4847 4848 4853 4854 4856 4857 4861 4862
 4867 4872 4874 4880 4882 4884 4889 4890 4899 4922 4924 4929 4930 4934
 4942 4943 4950 4959 4965 4981 4974 4978 4981 4985 4991 5028 5029 5030
 5043 5047 5059 5064 5073 5074 5075 5076]"
108,aa2+/?; ab2+/? ; Mel_20230123_plate0,"[5120 5124 5128 5129 5136 5138 5139 5146 5152 5158 5168 5174 5175 5178
 5181 5186 5189 5194 5195 5197 5201 5203 5205 5206 5211 5121 5123 5126
 5130 5131 5133 5134 5135 5140 5142 5143 5144 5148 5154 5156 5157 5179
 5180 5182 5187 5191 5193 5200 5207 5208 5210]"
109,aa2+/?; ab2+/? ; DMSO_20230123_plate0,[5103 5104 5109 5100 5101 5106 5107 5113 5114 5115 5118 5119]
110,aa2-/-;ab2+/?; Mel_20230123_plate0,[5137 5145 5147 5149 5153 5155 5170 5171 5173 5177 5184 5202]
111,aa2+/?;ab2-/-; Mel_20230123_plate0,[5151 5183 5190 5199 5204 5125 5159 5169 5176 5185 5196 5198 5209]
112,aa2-/-;ab2-/-; Mel_20230123_plate0,[5127 5141 5150 5188 5192]
113,aa2 WT/Het DMSO_20230123_plate0,[5103 5104 5109 5100 5101 5106 5107 5112 5113 5114 5115 5116 5118 5119]
114,aa2 WT/Het 1µM Melatonin_20230123_plate0,"[5120 5124 5128 5129 5136 5138 5139 5146 5151 5152 5158 5160 5168 5174
 5175 5178 5181 5183 5186 5189 5190 5194 5195 5197 5199 5201 5203 5204
 5205 5206 5211 5121 5122 5123 5125 5126 5130 5131 5133 5134 5135 5140
 5142 5143 5144 5148 5154 5156 5157 5159 5161 5162 5163 5164 5165 5166
 5169 5172 5176 5179 5180 5182 5185 5187 5191 5193 5196 5198 5200 5207
 5208 5209 5210]"
115,aa2 mutant DMSO_20230123_plate0,[5102 5105 5108 5110 5111]
116,aa2 mutant 1µM Melatonin_20230123_plate0,"[5127 5137 5141 5145 5147 5149 5150 5153 5155 5167 5170 5171 5173 5177
 5184 5188 5192 5202]"
117,aa2+/?; ab2+/? ; Mel_20230123_plate1,"[5420 5422 5429 5435 5439 5442 5443 5446 5449 5466 5474 5478 5484 5488
 5489 5497 5521 5532 5539 5545 5546 5547 5550 5563 5573 5577 5585 5593
 5598 5621 5626 5632 5636 5639 5644 5645 5648 5656 5657 5658 5659 5670
 5673 5674 5690 5698 5423 5424 5427 5430 5431 5437 5438 5442 5445 5455
 5457 5461 5463 5465 5470 5471 5475 5476 5479 5481 5483 5487 5490 5492
 5493 5494 5525 5528 5529 5531 5534 5541 5544 5548 5549 5562 5564 5565
 5566 5568 5569 5571 5572 5582 5586 5588 5590 5591 5592 5595 5596 5597
 5620 5625 5629 5634 5635 5638 5646 5647 5651 5654 5660 5669 5677 5679
 5684 5687 5688 5689 5695]"
118,aa2+/?; ab2+/? ; DMSO_20230123_plate1,"[5410 5415 5418 5499 5502 5503 5504 5600 5607 5613 5614 5616 5618 5400
 5402 5407 5408 5416 5508 5516 5517 5518 5601 5602 5604 5608 5610]"
119,aa2-/-;ab2+/?; Mel_20230123_plate1,"[5436 5441 5451 5460 5462 5472 5473 5477 5486 5491 5522 5523 5527 5536
 5578 5579 5580 5583 5623 5624 5630 5637 5641 5643 5663 5666 5668 5676
 5681 5682 5685 5691 5692 5696 5697 5699]"
120,aa2+/?;ab2-/-; Mel_20230123_plate1,"[5450 5452 5498 5540 5543 5584 5631 5640 5642 5649 5652 5653 5667 5678
 5683 5694 5421 5426 5456 5458 5459 5480 5496 5520 5524 5530 5537 5538
 5542 5574 5576 5581 5589 5627 5628 5633 5650 5662 5664 5671 5675 5693]"
121,aa2-/-;ab2-/-; Mel_20230123_plate1,"[5425 5448 5453 5454 5467 5469 5485 5526 5567 5570 5587 5594 5655 5661
 5665 5672 5686]"
122,aa2 WT/Het DMSO_20230123_plate1,"[5406 5410 5415 5418 5400 5402 5405 5407 5408 5414 5416 5417 5501 5508
 5514 5515 5516 5517 5518 5519 5502 5503 5504 5509 5512 5600 5605 5607
 5613 5614 5615 5616 5618 5601 5602 5604 5608 5609 5610]"
123,aa2 WT/Het 1µM Melatonin_20230123_plate1,"[5420 5422 5429 5435 5439 5442 5443 5446 5449 5450 5452 5466 5474 5478
 5484 5488 5489 5497 5498 5499 5521 5532 5535 5539 5540 5543 5545 5546
 5547 5550 5552 5559 5563 5573 5577 5584 5585 5593 5598 5621 5626 5631
 5632 5636 5639 5640 5642 5644 5645 5648 5649 5652 5653 5656 5657 5658
 5659 5667 5670 5673 5674 5678 5683 5690 5694 5698 5421 5423 5424 5426
 5427 5430 5431 5437 5438 5442 5445 5455 5456 5457 5458 5459 5461 5463
 5465 5470 5471 5475 5476 5479 5480 5481 5482 5483 5487 5490 5492 5493
 5494 5496 5520 5524 5525 5528 5529 5530 5531 5534 5537 5538 5541 5542
 5544 5548 5549 5551 5553 5554 5555 5558 5562 5564 5565 5566 5568 5569
 5571 5572 5574 5576 5581 5582 5586 5588 5589 5590 5591 5592 5595 5596
 5597 5620 5625 5627 5628 5629 5633 5634 5635 5638 5646 5647 5650 5651
 5654 5660 5662 5664 5669 5671 5675 5677 5679 5684 5687 5688 5689 5693
 5695]"
124,aa2 mutant DMSO_20230123_plate1,"[5401 5403 5404 5409 5411 5412 5413 5419 5500 5505 5507 5510 5511 5603
 5606 5611 5612 5619]"
125,aa2 mutant 1µM Melatonin_20230123_plate1,"[5425 5436 5441 5448 5451 5453 5454 5460 5462 5464 5467 5469 5472 5473
 5477 5485 5486 5491 5522 5523 5526 5527 5536 5557 5567 5570 5578 5579
 5580 5583 5587 5594 5599 5623 5624 5630 5637 5641 5643 5655 5661 5663
 5665 5666 5668 5672 5676 5681 5682 5685 5686 5691 5692 5696 5697 5699]"
126,Shifted aanat 1 +/? 2 +/?_20230320_plate0,"[5700 5721 5723 5727 5728 5742 5744 5747 5749 5760 5762 5763 5764 5765
 5766 5767 5768 5781 5782 5786 5787 5803 5804 5806 5807 5809 5821 5823
 5827 5828 5844 5846 5849 5860 5862 5868 5881 5882 5883 5885 5886 5888]"
127,Shifted aanat 1 +/- 2 -/-_20230320_plate0,"[5703 5705 5706 5707 5708 5709 5722 5725 5740 5746 5748 5780 5788 5801
 5802 5805 5822 5826 5843 5847 5861 5880 5884]"
128,Shifted aanat 1 -/- 2 +/-_20230320_plate0,"[5702 5704 5720 5724 5741 5745 5761 5769 5785 5789 5820 5824 5829 5840
 5842 5845 5848 5863 5889 5900 5903 5905 5908]"
129,Shifted aanat 1 -/- 2 -/-_20230320_plate0,[5701 5783 5800 5808 5869 5901 5902 5904 5906 5907 5909]
130,Normal aanat 1 +/? 2 +/?_20230320_plate0,"[5711 5712 5714 5715 5716 5718 5732 5733 5735 5736 5737 5738 5739 5752
 5756 5759 5771 5772 5773 5775 5796 5811 5815 5831 5832 5836 5838 5839
 5851 5852 5853 5854 5855 5857 5859 5873 5874 5875 5877 5878 5892 5893
 5896 5897 5898 5911]"
131,Normal aanat 1 +/- 2 -/-_20230320_plate0,[5731 5779 5817 5818 5856 5879 5894 5895]
132,Normal aanat 1 -/- 2 +/-_20230320_plate0,"[5713 5717 5719 5734 5753 5754 5757 5758 5774 5776 5777 5793 5794 5797
 5798 5811 5814 5819 5834 5835 5858 5872 5876 5899 5912 5913]"
133,Normal aanat 1 -/- 2 -/-_20230320_plate0,[5778 5792 5795 5813 5837 5914 5915]
134,Shifted aanat 1 +/? 2 +/?_20230321_plate0,"[6023 6060 6062 6065 6068 6080 6081 6082 6083 6086 6088 6101 6103 6104
 6108 6120 6121 6124 6125 6126 6127 6140 6142 6143 6146 6163 6164 6165
 6166 6167 6168 6180 6182 6183 6203 6221 6223 6228 6261 6263 6283 6287]"
135,Shifted aanat 1 +/? 2 -/-_20230321_plate0,[6085 6087 6105 6106 6122 6141 6147 6160 6162 6186 6188]
136,Shifted aanat 1 -/- 2 +/?_20230321_plate0,"[6063 6064 6067 6100 6102 6123 6144 6145 6148 6161 6185 6204 6205 6207
 6226 6227 6244 6245 6247 6260 6263 6266 6280 6281 6282 6284]"
137,Shifted aanat 1 -/- 2 -/-_20230321_plate0,"[6048 6061 6084 6107 6128 6181 6184 6200 6201 6202 6206 6208 6220 6222
 6224 6225 6240 6241 6242 6243 6246 6248 6262 6264 6265 6267 6268 6285
 6286]"
138,Normal aanat 1 +/? 2 +/?_20230321_plate0,"[6013 6016 6053 6059 6072 6073 6076 6092 6093 6094 6096 6098 6099 6111
 6113 6114 6116 6118 6131 6132 6133 6135 6136 6137 6151 6152 6155 6156
 6159 6171 6173 6176 6177 6179 6191 6192 6196 6199 6214 6231 6233 6238
 6256 6258 6277 6278 6292 6294 6297]"
139,Normal aanat 1 +/? 2 -/-_20230321_plate0,[6052 6079 6091 6119 6139 6157 6172 6175 6194 6195]
140,Normal aanat 1 -/- 2 +/?_20230321_plate0,"[6011 6017 6051 6055 6056 6057 6077 6078 6097 6112 6115 6117 6134 6154
 6158 6178 6193 6198 6211 6216 6234 6239 6251 6252 6253 6255 6257 6259
 6276 6291 6295]"
141,Normal aanat 1 -/- 2 -/-_20230321_plate0,"[6071 6074 6075 6138 6153 6174 6197 6212 6213 6215 6217 6218 6219 6232
 6235 6236 6237 6254 6271 6272 6273 6274 6275 6279 6293 6296 6298 6299]"
142,Shifted aanat 1 +/? 2 +/?_20230418_plate0,"[6362 6342 6368 6402 6403 6405 6408 6409 6422 6428 6441 6443 6446 6481
 6482 6483 6484 6486 6488 6503 6520 6522 6527 6540 6541 6542 6544 6545
 6549 6561 6562 6567 6568 6581 6582]"
143,Shifted aanat 1 +/? 2 -/-_20230418_plate0,"[6334 6385 6424 6425 6444 6462 6463 6466 6487 6500 6501 6504 6505 6506
 6507 6508 6509 6521 6523 6524 6528 6529 6543 6546 6563 6564 6565 6566
 6583 6584 6586 6587]"
144,Shifted aanat 1 -/- 2 +/?_20230418_plate0,"[6300 6302 6303 6304 6306 6307 6308 6309 6322 6324 6325 6327 6328 6341
 6343 6344 6348 6349 6360 6363 6369 6380 6381 6382 6383 6386 6387 6426
 6429 6440 6449 6468 6469 6480 6489 6525 6585]"
145,Shifted aanat 1 -/- 2 -/-_20230418_plate0,"[6301 6305 6320 6321 6323 6326 6329 6340 6345 6361 6364 6365 6366 6367
 6384 6388 6389 6400 6404 6406 6407 6421 6423 6427 6445 6448 6460 6461
 6464 6465 6485 6502 6547 6548 6580]"
146,Normal aanat 1 +/? 2 +/?_20230418_plate0,"[6393 6397 6398 6399 6413 6414 6415 6436 6439 6455 6495 6517 6534 6535
 6536 6537 6571 6572 6574 6578]"
147,Normal aanat 1 +/? 2 -/-_20230418_plate0,"[6339 6376 6377 6431 6433 6437 6452 6454 6457 6470 6474 6475 6476 6477
 6478 6492 6494 6496 6512 6513 6514 6516 6518 6519 6531 6533 6538 6539
 6554 6558 6573 6575 6579]"
148,Normal aanat 1 -/- 2 +/?_20230418_plate0,"[6312 6314 6317 6319 6337 6338 6351 6353 6355 6356 6357 6359 6370 6371
 6372 6373 6375 6379 6458 6459 6490 6498 6499 6515 6576 6577]"
149,Normal aanat 1 -/- 2 -/-_20230418_plate0,"[6311 6313 6315 6316 6318 6331 6332 6333 6335 6336 6350 6354 6358 6374
 6378 6391 6392 6394 6395 6411 6412 6416 6417 6418 6419 6430 6432 6434
 6435 6438 6451 6453 6471 6472 6473 6479 6491 6493 6497 6511 6532 6551
 6552 6553 6555 6556 6557]"
150,Shifted aanat 1 +/? 2 -/-_20230419_plate0,"[6600 6602 6603 6605 6607 6608 6644 6645 6648 6660 6669 6680 6687 6706
 6725 6745 6768 6782 6785 6786 6802 6805 6809 6821 6825 6840 6845 6861
 6862 6866 6868 6869 6881 6885]"
151,Shifted aanat 1 -/- 2 +/?_20230419_plate0,"[6622 6623 6629 6662 6664 6681 6683 6686 6723 6766 6781 6808 6843 6844
 6846 6863 6882 6883 6886 6887]"
152,Shifted aanat 1 -/- 2 -/-_20230419_plate0,[6601 6604 6626 6627 6640 6663 6661 6701 6762 6767 6784 6842]
153,Normal aanat 1 +/? 2 +/?_20230419_plate0,"[6610 6615 6618 6619 6631 6633 6634 6636 6638 6651 6653 6658 6671 6676
 6677 6679 6691 6696 6697 6710 6711 6713 6716 6717 6719 6732 6733 6750
 6751 6752 6753 6758 6759 6774 6775 6779 6791 6793 6796 6799 6812 6814
 6815 6819 6830 6831 6832 6834 6835 6836 6837 6850 6851 6852 6853 6854
 6855 6856 6858 6859 6872 6873 6874 6876]"
154,Normal aanat 1 +/? 2 -/-_20230419_plate0,"[6611 6612 6614 6617 6652 6654 6655 6657 6675 6692 6693 6694 6712 6715
 6718 6731 6739 6754 6770 6772 6773 6776 6778 6794 6795 6797 6798 6811
 6818 6833 6838 6877 6878 6879]"
155,Normal aanat 1 -/- 2 +/?_20230419_plate0,"[6616 6632 6635 6674 6678 6690 6698 6699 6714 6734 6736 6757 6771 6777
 6792 6816 6817 6839 6875]"
156,Normal aanat 1 -/- 2 -/-_20230419_plate0,[6637 6639 6656 6659 6695 6735 6813 6871]
157,Shifted aanat 1 +/? 2 +/?_20230426_plate0,"[6901 6903 6904 6906 6907 6921 6924 6925 6926 6940 6962 6963 6980 6982
 6983 6985 6986 7001 7003 7005 7006 7008 7021 7022 7027 7040 7046 7061
 7063 7064 7066 7067 7069 7080 7081 7082 7084 7102 7104 7105 7123 7124
 7125 7126 7141 7142 7160 7161 7180 7182 7183 7184]"
158,Shifted aanat 1 +/? 2 -/-_20230426_plate0,"[6900 6908 6928 6961 6965 6984 7004 7020 7028 7029 7065 7087 7088 7100
 7103 7107 7146 7148]"
159,Shifted aanat 1 -/- 2 +/?_20230426_plate0,"[6923 6964 6966 6987 6988 7000 7007 7024 7060 7068 7083 7085 7089 7101
 7108 7120 7122 7127 7140 7144 7145 7147 7149 7164 7166 7167 7168 7169]"
160,Shifted aanat 1 -/- 2 -/-_20230426_plate0,[6902 6905 6920 6927 7023 7062 7086 7106 7109 7128 7143 7165]
161,Normal aanat 1 +/? 2 +/?_20230426_plate0,"[6911 6913 6915 6916 6917 6937 6938 6951 6952 6956 6959 6976 6992 6994
 6996 6997 7015 7018 7019 7032 7033 7035 7052 7053 7056 7057 7071 7073
 7076 7077 7090 7091 7095 7111 7113 7117 7119 7133 7152 7157 7171 7174
 7175 7177 7178 7179]"
162,Normal aanat 1 +/? 2 -/-_20230426_plate0,"[6910 6931 6936 6971 6974 6979 6990 6993 6999 7012 7017 7037 7070 7072
 7075 7112 7115 7139 7158 7159 7173 7176]"
163,Normal aanat 1 -/- 2 +/?_20230426_plate0,"[6939 6957 6970 6978 6991 6998 7011 7013 7014 7031 7034 7038 7051 7054
 7058 7059 7074 7078 7092 7094 7096 7098 7099 7131 7134 7136 7150 7151
 7156 7170]"
164,Normal aanat 1 -/- 2 -/-_20230426_plate0,"[6954 6955 6958 6975 6977 7010 7016 7055 7079 7093 7097 7114 7116 7118
 7132 7135 7138]"
165,Shifted aanat 1 +/? 2 +/?_20230504_plate0,"[7204 7206 7207 7222 7226 7227 7228 7241 7245 7263 7280 7281 7282 7286
 7287 7303 7306 7321 7323 7325 7326 7328 7340 7344 7345 7347 7348 7349
 7363 7366 7368 7369 7380 7383 7384 7387 7388 7401 7402 7405 7406 7409
 7420 7426 7427 7428 7429 7440 7441 7443 7448 7449 7460 7465 7480 7482]"
166,Shifted aanat 1 +/? 2 -/-_20230504_plate0,"[7203 7223 7242 7247 7248 7262 7264 7265 7266 7268 7288 7302 7307 7320
 7442 7364 7367 7386 7421 7422 7424 7462 7463 7466 7467 7468 7469]"
167,Shifted aanat 1 -/- 2 +/?_20230504_plate0,"[7200 7201 7202 7220 7224 7225 7243 7244 7246 7260 7283 7284 7285 7300
 7301 7304 7305 7308 7324 7341 7343 7361 7362 7365 7381 7385 7407 7408
 7423 7445 7446 7447 7461 7464 7483 7484 7487]"
168,Shifted aanat 1 -/- 2 -/-_20230504_plate0,"[7205 7208 7221 7229 7261 7267 7322 7327 7346 7360 7382 7389 7400 7425
 7442 7444 7481]"
169,Normal aanat 1 +/? 2 +/?_20230504_plate0,"[7210 7215 7218 7219 7232 7233 7236 7250 7256 7258 7271 7272 7275 7277
 7290 7293 7295 7296 7330 7334 7337 7338 7339 7350 7354 7355 7356 7359
 7372 7377 7378 7379 7390 7392 7393 7394 7395 7398 7399 7411 7414 7415
 7418 7432 7438 7439 7451 7456 7458 7472 7473 7475 7476]"
170,Normal aanat 1 +/? 2 -/-_20230504_plate0,"[7213 7214 7230 7238 7239 7259 7274 7294 7315 7318 7335 7353 7357 7371
 7391 7433 7435 7474 7477]"
171,Normal aanat 1 -/- 2 +/?_20230504_plate0,"[7216 7217 7231 7251 7252 7254 7257 7270 7273 7278 7279 7292 7297 7298
 7299 7316 7317 7319 7331 7351 7352 7370 7373 7374 7375 7413 7416 7417
 7419 7431 7436 7437 7452 7453 7454 7457 7459 7479]"
172,Normal aanat 1 -/- 2 -/-_20230504_plate0,"[7211 7212 7234 7237 7253 7255 7276 7310 7311 7312 7313 7314 7336 7376
 7396 7412 7434 7455]"
173,Shifted aa +/?; al +/?_20230511_plate0,"[7505 7507 7527 7529 7542 7544 7546 7547 7548 7549 7560 7563 7566 7568
 7569 7587 7601 7604 7605 7608 7620 7621 7622 7623 7624 7625 7640 7643
 7648 7649 7661 7663 7665 7667 7668 7669 7683 7686 7688 7689 7704 7706
 7709 7722 7723 7727 7729 7744]"
174,Shifted mtnr1aa -/-; al+/?_20230511_plate0,"[7500 7501 7503 7504 7508 7520 7521 7522 7523 7524 7525 7526 7528 7543
 7561 7562 7564 7565 7582 7586 7588 7589 7600 7602 7603 7606 7607 7609
 7627 7628 7629 7641 7644 7646 7647 7660 7662 7664 7666 7680 7681 7682
 7684 7687 7700 7701 7702 7703 7705 7707 7708 7720 7724 7725 7726 7728
 7740 7742 7743]"
175,Shifted mtnr1aa+/?; al-/-_20230511_plate0,[7506 7509 7545 7721 7741]
176,Shifted mtnr1aa -/-; al -/-_20230511_plate0,[7502 7541 7626 7642 7645 7685]
177,Normal aa +/?; al +/?_20230511_plate0,"[7515 7516 7531 7536 7538 7551 7553 7554 7557 7571 7572 7575 7596 7597
 7599 7612 7615 7616 7618 7631 7632 7634 7637 7638 7639 7652 7653 7655
 7656 7659 7671 7672 7674 7675 7676 7677 7678 7691 7692 7693 7694 7696
 7697 7698 7714 7715 7716 7717 7719 7731 7732 7733 7734 7739 7752 7753
 7756 7757]"
178,Normal mtnr1aa -/-; al+/?_20230511_plate0,"[7511 7512 7514 7517 7519 7532 7537 7552 7556 7558 7559 7573 7574 7576
 7579 7598 7611 7613 7617 7633 7635 7651 7654 7657 7673 7679 7695 7711
 7712 7713 7735 7736 7737 7738 7751 7754 7755 7758]"
179,Normal mtnr1aa+/?; al-/-_20230511_plate0,[7594 7619]
180,Normal mtnr1aa -/-; al -/-_20230511_plate0,[7513 7518 7538 7595 7614 7699 7718]
181,Shifted aanat 1 +/? 2 +/?_20230612_plate0,"[7801 7806 7821 7825 7827 7864 7884 7885 7886 7908 7921 7927 7942 7943
 7961 7964 7965 7967 7981 7985 7988 8001 8002 8008 8027 8040 8043 8047
 8048 8062 8066 8083 8085 8086]"
182,Shifted aanat 1 +/? 2 -/-_20230612_plate0,"[7841 7844 7845 7847 7862 7863 7907 7925 7940 7941 7947 7949 7963 7986
 8023 8028 8045 8061 8067]"
183,Shifted aanat 1 -/- 2 +/?_20230612_plate0,"[7802 7803 7808 7820 7822 7823 7826 7829 7842 7860 7865 7866 7867 7868
 7880 7882 7887 7888 7900 7901 7906 7923 7924 7944 7945 7946 7960 7962
 7966 7969 7982 7983 8004 8006 8021 8029 8041 8042 8046 8065 8069 8080
 8082 8084]"
184,Shifted aanat 1 -/- 2 -/-_20230612_plate0,"[7804 7805 7807 7824 7828 7840 7843 7846 7848 7861 7881 7883 7902 7903
 7920 7922 7926 7928 7948 7968 7980 7984 8000 8003 8005 8007 8020 8022
 8024 8025 8026 8044 8049 8060 8064 8068 8081 8087]"
185,Normal aanat 1 +/? 2 +/?_20230612_plate0,"[7811 7815 7818 7831 7838 7851 7855 7857 7859 7891 7936 7953 7972 7974
 7979 7991 7993 7997 7999 8016 8053 8055 8071 8074 8075 8078 8079]"
186,Normal aanat 1 +/? 2 -/-_20230612_plate0,"[7839 7854 7871 7892 7893 7894 7896 7897 7898 7899 7917 7938 7958 7973
 7976 7977 7994 7995 7996 8017 8035 8057 8073]"
187,Normal aanat 1 -/- 2 +/?_20230612_plate0,"[7813 7814 7816 7817 7832 7834 7836 7837 7852 7856 7858 7873 7874 7879
 7912 7913 7914 7915 7916 7932 7933 7934 7935 7937 7951 7952 7954 7955
 7957 7975 7978 7998 8011 8012 8013 8014 8018 8019 8031 8033 8034 8037
 8039 8052 8056 8058 8059 8072 8076]"
188,Normal aanat 1 -/- 2 -/-_20230612_plate0,"[7812 7819 7833 7835 7853 7872 7876 7877 7878 7895 7918 7919 7931 7939
 7956 7959 7971 7992 8015 8032 8036 8038 8051 8054 8077]"
189,Shifted aanat 1 +/? 2 +/?_20230613_plate0,"[8101 8104 8105 8106 8124 8126 8127 8144 8145 8162 8163 8169 8181 8188
 8202 8206 8208 8228 8241 8244 8246 8249 8282 8303 8304 8306 8309 8324
 8344 8345 8360 8367 8369 8381 8382]"
190,Shifted aanat 1 +/? 2 -/-_20230613_plate0,"[8108 8125 8129 8167 8183 8204 8220 8221 8227 8229 8262 8268 8269 8284
 8288 8301 8322 8325 8342 8361 8362 8365 8366]"
191,Shifted aanat 1 -/- 2 +/?_20230613_plate0,"[8102 8103 8107 8109 8123 8128 8142 8143 8148 8149 8160 8165 8166 8180
 8182 8184 8186 8187 8203 8205 8207 8222 8224 8226 8240 8242 8247 8248
 8260 8261 8263 8264 8265 8280 8283 8285 8286 8287 8300 8305 8308 8321
 8323 8327 8329 8346 8347 8348 8349 8364 8384 8385 8386 8387]"
192,Shifted aanat 1 -/- 2 -/-_20230613_plate0,"[8100 8120 8121 8122 8140 8141 8146 8147 8161 8164 8168 8185 8189 8200
 8201 8209 8223 8225 8243 8245 8266 8267 8281 8289 8302 8307 8320 8326
 8328 8340 8341 8343 8363 8368 8380 8383]"
193,Normal aanat 1 +/? 2 +/?_20230613_plate0,"[8112 8115 8131 8132 8133 8134 8139 8154 8155 8156 8172 8176 8179 8198
 8212 8232 8234 8235 8237 8239 8253 8255 8256 8259 8275 8295 8314 8317
 8352 8353 8354 8355 8357]"
194,Normal aanat 1 +/? 2 -/-_20230613_plate0,"[8153 8158 8159 8197 8219 8236 8238 8252 8254 8257 8272 8278 8291 8297
 8316 8318 8335 8374 8377]"
195,Normal aanat 1 -/- 2 +/?_20230613_plate0,"[8111 8113 8114 8117 8118 8137 8151 8157 8173 8175 8191 8193 8194 8195
 8199 8213 8215 8216 8217 8218 8231 8271 8273 8274 8277 8279 8292 8293
 8298 8299 8312 8315 8331 8332 8334 8339 8351 8356 8371 8375 8378 8379]"
196,Normal aanat 1 -/- 2 -/-_20230613_plate0,"[8116 8119 8135 8136 8138 8152 8171 8174 8177 8178 8192 8196 8211 8214
 8233 8251 8258 8276 8294 8296 8311 8313 8319 8333 8336 8337 8338 8353
 8358 8359 8373 8376]"
197,ab1 +/? DMSO_20230620_plate0,"[8400 8404 8407 8413 8414 8415 8416 8417 8601 8403 8405 8408 8410 8411
 8418]"
198,ab1 -/- DMSO_20230620_plate0,[8402 8406 8409 8412]
199,ab1+/? 1µM Melatonin_20230620_plate0,"[8420 8422 8424 8425 8426 8427 8428 8429 8432 8433 8434 8438 8439 8440
 8445 8446 8449 8453 8454 8455 8460 8464 8465 8469 8472 8473 8477 8480
 8483 8485 8486 8487 8488 8490 8494 8498 8499 8502 8505 8506 8507 8509
 8510 8511 8514 8516 8517 8518 8520 8521 8522 8525 8527 8530 8532 8533
 8535 8537 8539 8541 8542 8543 8544 8545 8549 8551 8552 8553 8555 8558
 8561 8563 8564 8565 8567 8569 8572 8573 8575 8578 8579 8581 8582 8584
 8587 8589 8591 8595 8597 8598 8604 8605 8607 8608 8610 8615 8617 8618
 8619 8621 8421 8435 8436 8437 8441 8442 8444 8447 8448 8452 8456 8458
 8459 8462 8463 8468 8470 8471 8475 8476 8479 8482 8491 8495 8496 8497
 8500 8501 8504 8508 8511 8512 8513 8519 8526 8527 8529 8531 8534 8538
 8540 8546 8547 8554 8559 8560 8566 8568 8570 8576 8585 8586 8588 8590
 8591 8592 8593 8594 8599 8600 8601 8602 8603 8606 8609 8611 8613 8620]"
200,ab1-/- 1µM Melatonin_20230620_plate0,"[8423 8430 8431 8443 8450 8451 8457 8461 8474 8478 8481 8484 8489 8495
 8503 8515 8523 8536 8548 8550 8556 8557 8562 8571 8574 8577 8583 8596
 8612 8614 8616]"
